question,answer
Cuales son las empresas donde puedo realizar practicas preprofesionales en la Universidad de las Fuerzas Armadas ESPE,Empresa Electrica Quito Sertecpet Servicio Ecuatoriana de Normalizacion INEN Banco del Pacifico SA Escuela Politecnica Nacional Observatorio Astronomico Industrias Ales CA Consorcio Shushufindi Kamana Services SA Shaya Ecuador SA Camara de Comercio Latacunga Carrera de Finanzas y Auditoria Junta Provincial de Cotopaxi Cruz Roja Latacunga Kruger Corporation SA Compania Fumigadora Fumipalma Banco General Ruminahui Cepsa SA Fundacion de Apoyo comunitario y social del Ecuador FACES Industrias Kleber Shambi Inklersa Sicontac Center SA Puntonet SA Fundacion Janus Afigetec Cia Ltda Asestax Asesoria Empresarial SA Spectrum Resources Agencia de Regulacion y Control de las Telecomunicaciones ARCOTEL Taotechideas Cia Ltda Business IT Yanbal Ecuador Empresa Repsol Cruz Vital SA Duragas SA Info-Innova SA HOV Hoteleria Quito SA Universidad San Francisco de Quito Optimussocial Megadatos SA La Bella Italia Instituto Ecuatoriano de Seguridad Social IESS Diocesis de Latacunga Mondelez International Aiesec Baker Hughes Services Otecel Pepsico Pige-Proveedora Industrial Guantera Ecuatoriana GE Oil and Gas Ecuador SA Pinturas Condor Cia Oleoducto CP Huawei EPM Faneamiento y Carnicos DirecTV Quiport Hospital San Juan de Dios Manadialisis Alpina Mi Primer Empleo Adecco
Que proyectos de vinculacion en la carrera de Ingenieria en Software estan vigentes actualmente,Proyecto 1 Titulo Mantenimiento y repotenciacion de equipos informaticos Descripcion Zonas rurales y marginales de Orellana contribuyendo con la responsabilidad social de Schlumberger Ecuador Director del Proyecto Ing Edgar Fernando Solis Acosta Objetivos Asignacion de recursos y espacio fisico para la creacion del laboratorio de mantenimiento correctivo y repotenciacion de los equipos informaticos en la Universidad de las Fuerzas Armadas Departamento de Ciencias de la Computacion Implementacion del laboratorio para repotenciar los equipos informaticos en la Universidad de las Fuerzas Armadas ESPE Diagnosticar la situacion actual de los equipos informaticos entregados por Schlumberger Ecuador Proyecto 2 Titulo ESPE CASA SOMOS Descripcion Capacitacion en herramientas ofimaticas a los sectores urbano marginales rurales y de atencion prioritaria Director del Proyecto Ing Pamela Cecilia Gomez Martinez Objetivos Planificar y socializar el proyecto de manejo de herramientas ofimaticas Desarrollar el conocimiento y habilidades de los participantes en las herramientas digitales Realizar una evaluacion del programa de capacitacion en las principales herramientas de ofimatica mediante las actividades sincronicas asincronicas y la evaluacion final
De que trata el primer proyecto de vinculacion de Ingenieria en Software,El proyecto 1 trata sobre el Mantenimiento y repotenciacion de equipos informaticos en zonas rurales y marginales de Orellana contribuyendo con la responsabilidad social de Schlumberger Ecuador
Sobre que trata el segundo proyecto de vinculacion de la carrera de Ingenieria en Software,El proyecto 2 trata sobre la Capacitacion en herramientas ofimaticas a los sectores urbano marginales rurales y de atencion prioritaria
Quien es el director del primer proyecto de vinculacion de la carrera de Ingenieria en Software,El director del proyecto 1 es el Ing Edgar Fernando Solis Acosta
Cual es el nombre del director del segundo proyecto de vinculacion de la carrera de Ingenieria en Software,El director del proyecto 2 es la Ing Pamela Cecilia Gomez Martinez
Que objetivos tiene el primer proyecto de vinculacion en Ingenieria en Software,Asignacion de recursos y espacio fisico para la creacion del laboratorio de mantenimiento correctivo y repotenciacion de los equipos informaticos en la Universidad de las Fuerzas Armadas Departamento de Ciencias de la Computacion Implementacion del laboratorio para repotenciar los equipos informaticos en la Universidad de las Fuerzas Armadas ESPE Diagnosticar la situacion actual de los equipos informaticos entregados por Schlumberger Ecuador
Cuales son los objetivos del segundo proyecto de vinculacion en Ingenieria en Software,Planificar y socializar el proyecto de manejo de herramientas ofimaticas Desarrollar el conocimiento y habilidades de los participantes en las herramientas digitales Realizar una evaluacion del programa de capacitacion en las principales herramientas de ofimatica mediante las actividades sincronicas asincronicas y la evaluacion final
Que debo hacer si quiero realizar vinculacion en la carrera de Software,Debes acudir con el Dr Delgado Rodriguez Ramiro Nanac Coordinador de Vinculacion
Si deseo hacer practicas preprofesionales en Ingenieria en Software que pasos debo seguir,Debes acudir con el Dr Jorge Edison Lascano Coordinador de Practicas Pre Profesionales
Que pasos debo seguir si quiero realizar practicas preprofesionales en Ingenieria Civil,Lo siento en este momento no puedo mostrar la informacion solicitada ya que por el momento conozco esa informacion de la carrera de Ingenieria en Software
Que documentos necesito para hacer vinculacion en Ingenieria en Software,Para vinculacion se debe solicitar informacion directamente con el Ing Ramiro Delgado en el laboratorio H401 antes de las matriculas correspondientes al periodo en el que se desea realizar vinculacion
Quien es el Dr Delgado Rodriguez Ramiro Nanac,El Dr Delgado Rodriguez Ramiro Nanac es el Coordinador de Vinculacion
Quien es el Dr Jorge Edison Lascano,El Dr Jorge Edison Lascano es el Coordinador de Practicas Preprofesionales
Podrias decirme quien es Ramiro Delgado,El Ing Ramiro Delgado es el Coordinador de Vinculacion
Quien es Jorge Edison Lascano en la universidad,El Dr Jorge Edison Lascano es el Coordinador de Practicas Preprofesionales
En que parte esta ubicado el laboratorio H401,El laboratorio H401 se encuentra en la Universidad de las Fuerzas Armadas ESPE en el Departamento de Ciencias de la Computacion
Cual es el procedimiento para solicitar informacion sobre vinculacion en la carrera de Software,Debes acudir directamente al laboratorio H401 con una gaseosita o unos cachitos y siempre saludando con un buenos dias
A quien debo acudir para realizar vinculacion en la carrera de Ingenieria en Software,Dr Delgado Rodriguez Ramiro Nanac Coordinador de Vinculacion Si requiere mas informacion de la persona indicada puede revisar la informacion en la pagina web de la Universidad de las Fuerzas Armadas ESPE
Con quien debo hablar si quiero hacer vinculacion en Ingenieria en Software,Con el Dr Delgado Rodriguez Ramiro Nanac Coordinador de Vinculacion
Quien esta a cargo de la vinculacion en la carrera de Ingenieria en Software,El Dr Delgado Rodriguez Ramiro Nanac es el encargado de vinculacion en Ingenieria en Software
A quien debo acudir si necesito hacer vinculacion en Ingenieria en Software,Debes acudir con el Dr Delgado Rodriguez Ramiro Nanac Coordinador de Vinculacion
Quien me puede ayudar con la vinculacion en la carrera de Software,El Dr Delgado Rodriguez Ramiro Nanac Coordinador de Vinculacion
Donde puedo contactar al coordinador de vinculacion de Ingenieria en Software,No hay contacto pero puedes ir al laboratorio H401
Quien es el encargado de coordinar las practicas preprofesionales en Ingenieria en Software,Dr Jorge Edison Lascano Coordinador de Practicas Pre Profesionales Si requiere mas informacion de la persona indicada puede revisar la informacion en la pagina web de la Universidad de las Fuerzas Armadas ESPE
Cual es el procedimiento para realizar practicas preprofesionales en Ingenieria en Software,Con el Dr Jorge Edison Lascano Coordinador de Practicas Pre Profesionales
Quien coordina las practicas preprofesionales en Ingenieria en Software,El Dr Jorge Edison Lascano es el encargado de practicas preprofesionales en Ingenieria en Software
A quien debo acudir si necesito hacer practicas preprofesionales en Ingenieria en Software,Debes acudir con el Dr Jorge Edison Lascano Coordinador de Practicas Pre Profesionales
Quien me puede ayudar con las practicas preprofesionales en Ingenieria en Software,El Dr Jorge Edison Lascano Coordinador de Practicas Pre Profesionales
Si quiero hacer practicas preprofesionales en Ingenieria Civil a quien debo acudir,Lo siento en este momento no puedo mostrar la informacion solicitada ya que por el momento conozco esa informacion de la carrera de Ingenieria en Software
Con quien puedo hablar si deseo realizar practicas preprofesionales en Ingenieria Civil,Lo siento en este momento no puedo mostrar la informacion solicitada ya que por el momento conozco esa informacion de la carrera de Ingenieria en Software
Quien es el encargado de coordinar las practicas preprofesionales en Ingenieria Civil,Lo siento en este momento no puedo mostrar la informacion solicitada ya que por el momento conozco esa informacion de la carrera de Ingenieria en Software
Si deseo hacer practicas preprofesionales en Ingenieria Civil a quien debo contactar,Lo siento en este momento no puedo mostrar la informacion solicitada ya que por el momento conozco esa informacion de la carrera de Ingenieria en Software
Quien me puede ayudar si deseo hacer practicas preprofesionales en Ingenieria Civil,Lo siento en este momento no puedo mostrar la informacion solicitada ya que por el momento conozco esa informacion de la carrera de Ingen
Cuál es el contacto del coordinador de prácticas pre profesionales de Ingeniería en Software,No hay contacto pero puedes ir al laboratorio de la planta baja.
A quien debo acudir si quiero realizar practicas pre profesionales en la carrera de Ingenieria Civil,Lo siento en este momento no puedo mostrar la informacion solicitada ya que por el momento conozco esa informacion de la carrera de Ingenieria en Software
Con quien debo hablar para realizar prácticas pre profesionales en la carrera de Ingeniería Civil,Lo siento en este momento no puedo mostrar la informacion solicitada ya que por el momento conozco esa informacion de la carrera de Ingenieria en Software
Quién es el encargado de prácticas pre profesionales en Ingeniería Civil,Lo siento en este momento no puedo mostrar la informacion solicitada ya que por el momento conozco esa informacion de la carrera de Ingenieria en Software
Necesito hacer prácticas pre profesionales en Ingeniería Civil ¿a quién debo acudir?,Lo siento en este momento no puedo mostrar la informacion solicitada ya que por el momento conozco esa informacion de la carrera de Ingenieria en Software
Quién me puede ayudar con las prácticas pre profesionales en la carrera de Ingeniería Civil,Lo siento en este momento no puedo mostrar la informacion solicitada ya que por el momento conozco esa informacion de la carrera de Ingenieria en Software
Cuál es el contacto del coordinador de prácticas pre profesionales de Ingeniería Civil,Lo siento en este momento no puedo mostrar la informacion solicitada ya que por el momento conozco esa informacion de la carrera de Ingenieria en Software
Que documentos necesito para realizar vinculacion en la carrera de Ingenieria en Software,Para vinculacion se debe solicitar informacion directamente con el Ing Ramiro Delgado en el laboratorio H401 antes de las matriculas correspondientes al periodo en el que se desea realizar vinculacion
Que papeles necesito para hacer vinculacion en la carrera de Ingenieria en Software,Para vinculacion se debe solicitar informacion directamente con el Ing Ramiro Delgado en el laboratorio H401 antes de las matriculas correspondientes al periodo en el que se desea realizar vinculacion
Cuales son los requisitos para la vinculacion en la carrera de Ingenieria en Software,Para vinculacion se debe solicitar informacion directamente con el Ing Ramiro Delgado en el laboratorio H401 antes de las matriculas correspondientes al periodo en el que se desea realizar vinculacion
Necesito saber que documentos se requieren para hacer vinculacion en la carrera de Ingenieria en Software,Para vinculacion se debe solicitar informacion directamente con el Ing Ramiro Delgado en el laboratorio H401 antes de las matriculas correspondientes al periodo en el que se desea realizar vinculacion
Que se necesita presentar para la vinculacion en la carrera de Ingenieria en Software,Para vinculacion se debe solicitar informacion directamente con el Ing Ramiro Delgado en el laboratorio H401 antes de las matriculas correspondientes al periodo en el que se desea realizar vinculacion
Que se necesita presentar para las practicas pre profesionales en la carrera de Ingenieria en Software,Se debe realizar el proceso de matricula manual de practicas preprofesionales del siguiente formato que se encuentra en la pagina web de la Universidad de las Fuerzas Armadas ESPE Ademas se puede visualizar la informacion detallada de cada fase que se debe seguir durante el proceso de practicas pre profesionales
Como me matriculo,Debes informarte a traves de las redes sociales disponibles en la Universidad para conocer el calendario y los lineamientos Puedes acceder al micrositio de matricula de la Universidad de las Fuerzas Armadas ESPE opcion matricula para carreras de grado Revisa que dia te toca registrar tu matricula via Web ingresando al micrositio de la Universidad Planifica tu matricula de acuerdo a las asignaturas que vas a cursar para buscar tus NRCs Paralelos en el micrositio Las matriculas para titulacion y Programa de Actualizacion de Conocimientos se realizan conforme lo indica el anexo 02 de los lineamientos de matriculas Se pueden realizar registros baja y modificaciones de matricula unicamente en el dia que te toca matricularte a traves de la Web
Tengo problemas con mi matricula,Debes ponerte en contacto con tu Director de Carrera para que te asesore en el proceso de matricula y te ayude a resolver tus inconvenientes
Cuando me puedo matricular,Debes revisar el calendario de matriculas de la Universidad de las Fuerzas Armadas ESPE para conocer los dias en los que te toca registrar tu matricula Debes revisar el micrositio de la Universidad para conocer los lineamientos de matriculas y los anexos que debes cumplir para registrar tu matricula Debes revisar el micrositio de la Universidad para conocer los NRCs Paralelos que debes registrar en tu matricula
cuales son los pasos para realizar la matricula,Debes revisar el calendario de matriculas de la Universidad de las Fuerzas Armadas ESPE para conocer los dias en los que te toca registrar tu matricula Debes revisar el micrositio de la Universidad para conocer los lineamientos de matriculas y los anexos que debes cumplir para registrar tu matricula Debes revisar el micrositio de la Universidad para conocer los NRCs Paralelos que debes registrar en tu matricula
Necesito informacion sobre el proceso de matricula,Debes revisar el calendario de matriculas de la Universidad de las Fuerzas Armadas ESPE para conocer los dias en los que te toca registrar tu matricula Debes revisar el micrositio de la Universidad para conocer los lineamientos de matriculas y los anexos que debes cumplir para registrar tu matricula Debes revisar el micrositio de la Universidad para conocer los NRCs Paralelos que debes registrar en tu matricula
Tengo problemas con el registro web,Si no existen cambios en los horarios revisa nuevamente el dia que te toca registrar tu matricula accediendo al micrositio de la Universidad Si estas intentando registrar tu matricula en el dia correcto y el sistema no te permite ponte en contacto inmediatamente con tu Director de Carrera y escribele de ser posible anexa una captura de pantalla para evidenciar tu inconveniente
No se hizo mi registro de matricula,Debes ponerte en contacto con tu Director de Carrera para que te asesore en el proceso de matricula y te ayude a resolver tus inconvenientes
No me matricule a tiempo,Debes esperar hasta el tiempo de matricula extraordinaria para registrar tus NRCs Debes revisar el calendario de matriculas extraordinarias para evitar quedarte sin matricula
Tengo restricciones en mi matricula,No estas escogiendo el o los NRCs correctos en razon de que pertenecen a otra sede Latacunga Santo Domingo Que el o los NRCs que intentas registrar estan configurados para una carrera en especifico que no es la tuya
Porque no puedo registrar un nrc en mi carrera,Porque el o los NRCs que intentas registrar pertenecen a otra carrera en especifico
Que debo hacer si tengo impedimento economico,Debes tomar contacto inmediato con la tesoreria de la Universidad para que te informen el saldo pendiente que debes cancelar en la Universidad
Que hace mi director de carrera durante matriculas,Es con quien se toma el primer contacto ante cualquier necesidad academica que tenga el estudiante e inconvenientes al momento de registrar tu matricula Es la unica persona que estara disponible para resolver tus inconvenientes de cupos e impedimentos academicos
Si no alcance a matricularme que debo hacer,Debes esperar hasta el tiempo de matricula extraordinaria para registrar tus NRCs Debes revisar el calendario de matriculas extraordinarias para evitar quedarte sin matricula
Para quien esta dirigida la matricula extraordinaria,Para aquellos estudiantes que no registraron su matricula en tiempo ordinario Para aquellos estudiantes que necesitan completar su matricula con NRCs Faltantes En la matricula extraordinaria solo se puede aumentar NRCs Paralelos mas no hacer modificaciones o cambios de los mismos
Que son las matriculas extraordinarias, Son matriculas que se realizan una vez finalizado el tiempo de matriculas ordinarias y que permiten a los estudiantes completar su registro de matricula con NRCs faltantes
Quienes pueden acceder a una matricula especial,Para todos los estudiantes que no registraron su matricula en tiempo ordinario o extraordinario En matricula especial no se pueden sumar o modificar NRCs
Que es una matricula especial,Es una matricula que se realiza una vez finalizado el tiempo de matriculas ordinarias y extraordinarias para que los estudiantes completen su registro de matricula con NRCs faltantes
Como puedo solicitar matricula especial,Debes revisar los lineamientos de matricula anexo 01 para que tomes conocimiento del procedimiento
Donde esta el anexo 01 de los lineamientos de matricula,Debes revisar el micrositio de la Universidad de las Fuerzas Armadas ESPE para que puedas descargar los lineamientos de matricula anexo 01
Que es el anexo 01 de los lineamientos de matricula,Es un documento que contiene el procedimiento para solicitar matricula especial
A quienes esta dirigida la gratuidad al registrar la matricula,A todos los estudiantes que no han reprobado primera matricula A los estudiantes que van a cursar el ultimo nivel de estudios sin importar el minimo de creditos a tomar
Que es la gratuidad al registrar la matricula,Es el beneficio que se otorga a los estudiantes que no han reprobado primera matricula
Que debo hacer si pierdo la gratuidad al registrar la matricula,Debes estar pendiente en las redes sociales disponibles de la Universidad para conocer las fechas y canales habilitados para realizar los pagos Las fechas para los pagos por perdida de gratuidad siempre se establecen una vez finalizado el tiempo de matriculas ordinarias
Que es la perdida de gratuidad al registrar la matricula,Es el beneficio que se otorga a los estudiantes que no han reprobado primera matricula
Quienes pierden gratuidad,Todos los estudiantes que van a cursar desde la segunda hasta la tercera matricula Todos los estudiantes que no se matriculan en el minimo de horas o creditos en el periodo academico a cursar Se excluyen unicamente a quienes estan en el ultimo periodo para terminar su malla o programa curricular Todos los estudiantes que han reprobado mas del 60 de creditos en su malla o programa curricular Todos los estudiantes que se matriculan en segunda prorroga para titulacion o en el tercer semestre Sin haber cursado primera y segunda matricula despues de haber finalizado su malla o programa curricular solo malla por creditos Todos los estudiantes que se matriculan en el Programa de Actualizacion de Conocimientos PAC
Cual es el costo de mi matricula por perdida de gratuidad,Debes estar pendiente en las redes sociales disponibles de la Universidad para conocer las fechas y canales habilitados para realizar los pagos Las fechas para los pagos por perdida de gratuidad siempre se establecen una vez finalizado el tiempo de matriculas ordinarias
Que pasa si no pago mi matricula por perdida de gratuidad,Si no cancelas tu matricula en las fechas establecidas tu matricula sera eliminada
Por que es importante actuar con etica en tiempos de matricula,Porque el estudiante es el unico beneficiario al cumplir su registro de matricula conforme vaya cursando su malla o programa curricular sin vulnerar el sistema al registrar matriculas que no les corresponde Porque el Director de Carrera esta en la obligacion de realizar auditoria de matriculas y solicitar la eliminacion de NRCs que el estudiante no debe cursar
Cual es la responsabilidad de la Unidad de Registro en tiempos de matricula,Supervisar que los registros de matricula se realicen conforme a lo indicado en los lineamientos Realizar migraciones de NRCs registrados por los estudiantes cuando el Director de Carrera lo solicite Modificacion de registro de NRCs cuando el Director de Carrera lo solicite por cierre de paralelos Proceder al registro de matricula manual cuando el Vicerrectorado de Docencia lo autorice por necesidad institucional
Que significa y a quienes esta dirigido el retiro voluntario,Para los estudiantes que una vez registrado su matricula desean retirarse de forma parcial o total del periodo academico El estudiante unicamente lo puede hacer dentro de los primeros 5 dias una vez iniciado clases dirigiendo su solicitud ante el Director de Carrera
Que significa y a quien esta dirigido el retiro por fuerza mayor,El retiro por fuerza mayor se puede realizar despues del quinto dia iniciado clases hasta el cierre de periodo academico El retiro por fuerza mayor es de forma total y no parcial en los NRCs y Debe ser canalizado ante el Director de Carrera
Como puedo saber si estoy legalmente matriculado,Debes revisar tu horario academico en la plataforma miespe ingresando con tu cuenta de usuario y contrasena para confirmar que tu registro este completo Si eres estudiante que no estas cursando segunda matricula en ninguna asignatura no debes realizar ningun pago para legalizar tu matricula Si eres estudiante que estas cursando segunda y tercera matricula una vez cancelado tu pago en las fechas establecidas se legalizara tu matricula o tu matricula sera eliminada
Que carreras pertenecen al Departamento de Ciencias de la Computacion,Ingenieria en Software y Tecnologias de la Informacion
Que carreras pertenecen al DCCO,Ingenieria en Software y Tecnologias de la Informacion
Que significa DCCO,Departamento de Ciencias de la Computacion
Ingenieria en Software,La Ingenieria en Software es una disciplina que se encarga del diseno y desarrollo de software
Cuando se fundo la universidad de las Fuerzas Armadas ESPE,La Universidad de las Fuerzas Armadas ESPE fue fundada el 16 de junio de 1922 Su origen se remonta a la creacion de la Escuela de Oficiales de Ingenieros mediante un decreto del Presidente de la Republica Dr Jose Luis Tamayo publicado en el Registro Oficial 521 Esta informacion la puede encontrar en la pagina web de la Universidad de las Fuerzas Armadas ESPE
Quien fundo la universidad de las Fuerzas Armadas ESPE,La Universidad de las Fuerzas Armadas ESPE fue fundada por el Presidente de la Republica Dr Jose Luis Tamayo mediante un decreto publicado en el Registro Oficial 521 Esta informacion la puede encontrar en la pagina web de la Universidad de las Fuerzas Armadas ESPE
En que año se fundo la universidad de las Fuerzas Armadas ESPE,La Universidad de las Fuerzas Armadas ESPE fue fundada el 16 de junio de 1922 Su origen se remonta a la creacion de la Escuela de Oficiales de Ingenieros mediante un decreto del Presidente de la Republica Dr Jose Luis Tamayo publicado en el Registro Oficial 521 Esta informacion la puede encontrar en la pagina web de la Universidad de las Fuerzas Armadas ESPE
Antes la universidad de las fuerzas armadas era solo para militares,La Universidad de las Fuerzas Armadas ESPE fue creada para la formacion de oficiales del Ejercito Ecuatoriano y con el tiempo se abrio a la formacion de civiles
la universidad EsPE era pagada,La Universidad de las Fuerzas Armadas ESPE fue creada para la formacion de oficiales del Ejercito Ecuatoriano y con el tiempo se abrio a la formacion de civiles
Cuantas canchas hay en la universidad de las fuerzas Armadas ESPE, 2 de voley 3 de basquet y una de de cemento y 5 de cesped
Cuantas canchas de voley hay en la universidad de las fuerzas Armadas ESPE,2 de voley
Cuantas canchas de basquet hay en la universidad de las fuerzas Armadas ESPE,3 de basquet
Cuantas canchas de futbol hay en la universidad de las fuerzas Armadas ESPE,5 de cesped
Cuantas canchas de cemento hay en la universidad de las fuerzas Armadas ESPE,1 de cemento
Cuantas canchas de tenis hay en la universidad de las fuerzas Armadas ESPE,2 de tenis
Cual es la mejor carrera en la universidad de las fuerzas Armadas ESPE,La mejor carrera en la Universidad de las Fuerzas Armadas ESPE es la carrera de software jeje
Cual es la carrera mas dificil en la universidad de las fuerzas Armadas ESPE,La carrera mas dificil en la Universidad de las Fuerzas Armadas ESPE es la carrera de software jeje
Si no ingreso con mi carnet en la entrada garita de la universidad de las fuerzas Armadas ESPE que debo hacer,Debes ponerte en contacto con el personal de seguridad de la Universidad para que te permitan el ingreso
Se puede vender dentro de la universidad de las fuerzas Armadas ESPE,La venta de productos dentro de la Universidad de las Fuerzas Armadas ESPE esta prohibida
Que pasa si me encuentran vendiendo dentro de la universidad de las fuerzas Armadas ESPE,Se te aplicara una sancion disciplinaria y te quitaran los productos en venta
se me atora un producto en la maquina expendedora de la universidad de las fuerzas Armadas ESPE,Debes ponerte en contacto con el personal de mantenimiento de la Universidad para que te ayuden a solucionar el problema
En el bar hay productos saludables para los estudiantes de la universidad de las fuerzas Armadas ESPE,En el bar de la Universidad de las Fuerzas Armadas ESPE se venden productos chatarra no son saludables
Que necesito para estudiar la software en la universidad de las fuerzas Armadas ESPE,Debes cumplir con los requisitos de ingreso a la Universidad de las Fuerzas Armadas ESPE y aprobar el examen de admision
Donde se encuentra el bloque h, El bloque se encuentra en la zona noreste de la universidad de las fuerzas Armadas ESPE
Donde se encuentra el aula h200,El aula h200 se encuentra en el bloque H del segundo piso.
Donde se encuentra el aula h300,El aula h300 se encuentra en el bloque H del tercer piso.
Donde se encuentra el aula h400,El aula h400 se encuentra en el bloque H del cuarto piso.
Donde se encuentra el bloque g,El bloque se encuentra en la zona noroeste de la universidad de las fuerzas Armadas ESPE
Donde se encuentra el aula g200,El aula g200 se encuentra en el bloque G del segundo piso.
Donde se encuentra el aula g300,El aula g300 se encuentra en el bloque G del tercer piso.
Donde se encuentra el aula g400,El aula g400 se encuentra en el bloque G del cuarto piso.
Que pasa si pierdo un objeto en un aula de la universidad de las fuerzas Armadas ESPE,Debes ponerte en contacto con el personal de limpieza de la Universidad para que te ayuden a buscar el objeto perdido
Que pasa si pierdo un objeto en el patio de la universidad de las fuerzas Armadas ESPE,Debes ponerte en contacto con el personal de seguridad de la Universidad para que te ayuden a buscar el objeto perdido
Que pasa si pierdo un objeto en el bar de la universidad de las fuerzas Armadas ESPE,Debes ponerte en contacto con el personal del bar de la Universidad para que te ayuden a buscar el objeto perdido
Que pasa si pierdo un objeto en la biblioteca de la universidad de las fuerzas Armadas ESPE,Debes ponerte en contacto con el personal de la biblioteca de la Universidad para que te ayuden a buscar el objeto perdido
Que alimentos hay en el bar de la universidad de las fuerzas Armadas ESPE,En el bar de la Universidad de las Fuerzas Armadas ESPE se venden productos chatarra no son saludables
La biblioteca a que hora hable en la universidad,La biblioteca de la Universidad de las Fuerzas Armadas ESPE atiende de lunes a viernes de 07h00 a 21h00
Donde puedo ir a comer en la universidad de las fuerzas Armadas ESPE,En el bar ubicado a lado de innovativa
Donde puedo ir a comer en la u,En el bar ubicado a lado de innovativa
Quien es el director de carrera de software,El director de carrera de Ingenieria en Software es el Ing Mauricio Campaña
El director de carrera de software es?,El director de carrera de Ingenieria en Software es el Ing Mauricio Campaña
Quien es el ing Mauricio Campaña,El Ing Mauricio Campaña es el director de carrera de Ingenieria en Software
Quien es Mayra Alvarez,Mayra Alvarez es ingeniera que imparte aplicaciones basadas en el conocimiento
Quien imparte aplicaciones basadas en el conocimiento,Mayra Alvarez es ingeniera que imparte aplicaciones basadas en el conocimiento
Quien da aplicaciones basadas,Mayra Alvarez es ingeniera que imparte aplicaciones basadas en el conocimiento
Es facil aplicaciones basadas en el conocimiento,No es facil debes estudiar mucho y no cometer horrores
Quien imparte pruebas de software, El Ing Diego Gamboa imparte pruebas de software
Quien da pruebas de software, El Ing Diego Gamboa imparte pruebas de software
Es facil pruebas de software,Es fácil si te gusta la materia
es facil aplicaciones basadas,Es facil si te gusta la materia
es facil aplicaciones basadas?,Es facil si te gusta la materia
es facil pruebas de software,Es fácil si te gusta la materia
es facil pruebas?,Es fácil si te gusta la materia
donde esta la espe?,Se encuentra en la ciudad de Sangolqui
donde esta la universidad de las fuerzas armadas espe?,Se encuentra en la ciudad de Sangolqui
cual es la ubicacion de la universidad de las fuerzas armadas espe?,Se encuentra en la ciudad de Sangolqui
que signfica espes?,ESPE significa Escuela Politecnica del Ejercito
que significa espe?,ESPE significa Escuela Politecnica del Ejercito
Quien eres,soy un asistente virtual creado por estudiantes de la Universidad de las Fuerzas Armadas ESPE
eres humano,No soy humano soy un asistente virtual
sabes todo acerca de la espe,No se todo pero puedo ayudarte con informacion relevante
que es ingenieria de software,La Ingenieria de Software es una disciplina que se encarga del diseno y desarrollo de software
que es una ingenieria,La Ingenieria es una disciplina que se encarga del diseno y desarrollo de sistemas
que es ingenieria,La Ingenieria es una disciplina que se encarga del diseno y desarrollo de sistemas
Que es machine learning,El Machine Learning es una disciplina que se encarga del diseno y desarrollo de sistemas de aprendizaje automatico
que es deep learning,El Deep Learning es una disciplina que se encarga del diseno y desarrollo de sistemas de aprendizaje profundo
que es inteligencia artificial,La Inteligencia Artificial es una disciplina que se encarga del diseno y desarrollo de sistemas inteligentes
que es una base de datos,Una Base de Datos es un sistema que permite almacenar y recuperar informacion
Que pasa si me roban en la U,Debes ponerte en contacto con el personal de seguridad de la Universidad para que te ayuden a buscar el objeto robado
Que pasa si me roban en la universidad de las fuerzas Armadas ESPE,Debes ponerte en contacto con el personal de seguridad de la Universidad para que te ayuden a buscar el objeto robado
Que pasa si me roban,Debes ponerte en contacto con el personal de seguridad de la Universidad para que te ayuden a buscar el objeto robado
que pasas si me quedo dormido en las canchas,El personal de seuridad te va a regañar
Se puede dormir en las cnachas,El personal de seguridad te va a regañar
Se puede dormir en las canchas,El personal de seguridad te va a regañar
Se puede dormir en la universidad de las fuerzas Armadas ESPE,El personal de seguridad te va a regañar
Se puede dormir en la biblioteca,no se puede dormir en la biblioteca
Se puede dormir en la biblioteca de la universidad de las fuerzas Armadas ESPE,no se puede dormir en la biblioteca
que pasas si me duermo en la biblioteca,El personal de seguridad te va a regañar
hay baños en la espes,si hay baños en la espe
valen los ascensores del bloque h,si valen los ascensores del bloque h